50, Lucas,Castillo, Willis, Lucas.Castillo@email.com
51, Isabella,Cortés, Powell, Isabella.Cortés@email.com
52, Ethan,Gallego, Ford, Ethan.Gallego@email.com
53, Valentina,Herrera, Rivas, Valentina.Herrera@email.com
54, Liam,Valencia, Mendoza, Liam.Valencia@email.com
55, Martina,Castro, Franco, Martina.Castro@email.com
56, Noah, Delgado, Sutton, Noah. Delgado@email.com
57, Ana, Gutiérrez, Brady, Ana. Gutiérrez@email.com
58, Jacob, Iglesias, Olson, Jacob. Iglesias@email.com
59, Camila, Lozano, Hanson, Camila. Lozano@email.com
60, William, Marín, Flores, William. Marín@email.com
61, Gabriela, Oliver, Jimenez, Gabriela. Oliver@email.com
62, James, Pascual, Moreno, James. Pascual@email.com
63, Laura, Quintero, Henry, Laura. Quintero@email.com
64, Michael, Rosales, Davidson, Michael. Rosales@email.com
65, Mia, Serrano, Riley, Mia. Serrano@email.com
66, Alexander, Toledo, Ortiz, Alexander. Toledo@email.com
67, Victoria, Vargas, Riley, Victoria. Vargas@email.com
68, Benjamin, Yáñez, Berry, Benjamin. Yáñez@email.com
69, Carolina, Zamora, Barnes, Carolina. Zamora@email.com
70, Samuel, Ávila, Rodriguez, Samuel. Ávila@email.com
71, Juliana, Bernal, Harrison, Juliana. Bernal@email.com
72, Daniel, Carrasco, Sutton, Daniel. Carrasco@email.com
73, Alejandra, Durán, Marshall, Alejandra. Durán@email.com
74, Joseph, Esteban, Day, Joseph. Esteban@email.com
75, María, Frías, Dixon, María. Frías@email.com
76, Christopher, García, Stewart, Christopher. García@email.com
77, Natalia, Hidalgo, Jackson, Natalia. Hidalgo@email.com
78, Oliver, Ibarra, Hudson, Oliver. Ibarra@email.com
79, Isadora, Jurado, Valdez, Isadora. Jurado@email.com
80, Andrew, Kühn, Atkins, Andrew. Kühn@email.com
81, Paola, Luna, Pearson, Paola. Luna@email.com
82, Ryan, Montes, Vasquez, Ryan. Montes@email.com
83, Bianca, Núñez, Wagner, Bianca. Núñez@email.com
84, Anthony, Ordóñez, Scott, Anthony. Ordóñez@email.com
85, Daniela, Palacios, Freeman, Daniela. Palacios@email.com
86, Henry, Quevedo, Hamilton, Henry. Quevedo@email.com
87, Sofia, Ramos, Haynes, Sofia. Ramos@email.com
88, Ava, Sierra, Crawford, Ava. Sierra@email.com
89, Emma, Torres, Brown, Emma. Torres@email.com
90, Olivia, Ureña, Zimmerman, Olivia. Ureña@email.com
91, Sarah, Valdez, Ortiz, Sarah. Valdez@email.com
92, Emily, Wilde, Kelley, Emily. Wilde@email.com
93, Harper, Ximénez, Webster, Harper. Ximénez@email.com
94, Madison, Yuste, Ross, Madison. Yuste@email.com
95, Scarlett, Zabala, Waters, Scarlett. Zabala@email.com
96, Amelia, Alcántara, Lee, Amelia. Alcántara@email.com
97, Chloe, Barrios, Russell, Chloe. Barrios@email.com
98, Ella, Cobo, King, Ella. Cobo@email.com
99, Aiden, Duarte, Doyle, Aiden. Duarte@email.com
100, Carter, Escudero, Peterson, Carter. Escudero@email.com